date,time,slug,caption,status,posted_at
2026-11-01,21:00,onsen,,,
2026-11-03,21:00,meme-nama,,,
2026-11-05,21:00,slang-chat,,,
2026-11-07,21:00,fitting-room,,,
2026-11-09,21:00,meme-sugiru,,,
2026-11-11,21:00,shrine,,,
2026-11-13,21:00,guilty-pleasures,,,
2026-11-15,21:00,meme-gomen,,,
2026-11-17,21:00,ramen-custom,,,
2026-11-19,21:00,day-one-chats,,,
2026-11-21,21:00,meme-nihongo,,,
2026-11-23,21:00,nanpa,,,
2026-11-25,21:00,trouble,,,
2026-11-27,21:00,meme-otsukare,,,
2026-11-29,21:00,uwaki-chat,,,
